<?xml version="1.0" encoding="UTF-8"?><idempiere Name="AD_SysConfig" Version="1.0.0" idempiereVersion="3.1.0.qualifier" DataBaseVersion="2015-10-31" Description="" Author="SuperUser" AuthorEmail="support@solasus.com" CreatedDate="Wed Nov 08 16:08:26 IST 2017" UpdatedDate="Wed Nov 08 16:08:26 IST 2017" PackOutVersion="100" UpdateDictionary="true" Client="0-SYSTEM-System" AD_Client_UU="11237b53-9592-4af1-b3c5-afd216514b5d">
    <AD_SysConfig type="table">
        <AD_Client_ID>0</AD_Client_ID>
        <AD_Org_ID>0</AD_Org_ID>
        <IsActive>Y</IsActive>
        <Name>SOLR_MAXROWS</Name>
        <Value>100</Value>
        <Description/>
        <EntityType>U</EntityType>
        <ConfigurationLevel>S</ConfigurationLevel>
        <AD_SysConfig_UU>3f0d8a4a-f3b8-425e-9b67-eafdd76c2a24</AD_SysConfig_UU>
    </AD_SysConfig>
	<AD_SysConfig type="table">
        <AD_Client_ID>0</AD_Client_ID>
        <AD_Org_ID>0</AD_Org_ID>
        <IsActive>Y</IsActive>
        <Name>SOLR_STARTFROM</Name>
        <Value>0</Value>
        <Description/>
        <EntityType>U</EntityType>
        <ConfigurationLevel>S</ConfigurationLevel>
        <AD_SysConfig_UU>e884a9aa-e76d-4b8b-a969-4c97568bbc63</AD_SysConfig_UU>
    </AD_SysConfig>
    <AD_SysConfig type="table">
        <AD_Client_ID>0</AD_Client_ID>
        <AD_Org_ID>0</AD_Org_ID>
        <IsActive>Y</IsActive>
        <Name>SOLR_FRAGMENTSIZE</Name>
        <Value>10000</Value>
        <Description/>
        <EntityType>U</EntityType>
        <ConfigurationLevel>S</ConfigurationLevel>
        <AD_SysConfig_UU>77e31924-bab1-4369-ba79-58c6f411b93c</AD_SysConfig_UU>
    </AD_SysConfig>
</idempiere>
