<?xml version="1.0" encoding="UTF-8"?><idempiere Name="Indexing_Configuration" Version="1.0.0" idempiereVersion="" DataBaseVersion="" Description="" Author="" AuthorEmail="" CreatedDate="2016-06-07 15:43:28.034" UpdatedDate="2016-06-07 15:43:28.034" PackOutVersion="100" UpdateDictionary="true" Client="0-SYSTEM-System" AD_Client_UU="11237b53-9592-4af1-b3c5-afd216514b5d">
    <AD_Menu type="table">
        <SeqNo>999</SeqNo>
        <AD_Client_ID>0</AD_Client_ID>
        <AD_Org_ID>0</AD_Org_ID>
        <Name>Indexing Configuration</Name>
        <Description/>
        <Action>W</Action>
        <AD_Window_ID reference="uuid" reference-key="AD_Window">dd6370cd-392e-4343-9448-cbeefa72d214</AD_Window_ID>
        <AD_Workflow_ID reference="id"/>
        <AD_Task_ID reference="id"/>
        <IsActive>Y</IsActive>
        <IsSummary>N</IsSummary>
        <AD_Process_ID reference="id"/>
        <IsSOTrx>N</IsSOTrx>
        <AD_Form_ID reference="id"/>
        <IsReadOnly>N</IsReadOnly>
        <EntityType>U</EntityType>
        <IsCentrallyMaintained>Y</IsCentrallyMaintained>
        <AD_Menu_UU>e3a02d45-a641-4044-b426-d1fcb118582d</AD_Menu_UU>
        <AD_InfoWindow_ID reference="id"/>
        <AD_Menu_Trl type="translation">
            <Name>Indexing Configuration</Name>
            <Description/>
            <AD_Language>es_CO</AD_Language>
            <IsActive>Y</IsActive>
            <IsTranslated>N</IsTranslated>
        </AD_Menu_Trl>
        <AD_Menu_Trl type="translation">
            <Name>Indexing Configuration</Name>
            <Description/>
            <AD_Language>en_GB</AD_Language>
            <IsActive>Y</IsActive>
            <IsTranslated>N</IsTranslated>
        </AD_Menu_Trl>
        <AD_Window type="table">
            <AD_Client_ID>0</AD_Client_ID>
            <AD_Org_ID>0</AD_Org_ID>
            <Name>LTX Indexing Configuration</Name>
            <Description/>
            <Help/>
            <IsActive>Y</IsActive>
            <WindowType>M</WindowType>
            <Processing>N</Processing>
            <AD_Color_ID reference="id"/>
            <AD_Image_ID reference="id"/>
            <EntityType>U</EntityType>
            <IsSOTrx>Y</IsSOTrx>
            <IsDefault>N</IsDefault>
            <WinHeight>0</WinHeight>
            <WinWidth>0</WinWidth>
            <IsBetaFunctionality>N</IsBetaFunctionality>
            <AD_Window_UU>dd6370cd-392e-4343-9448-cbeefa72d214</AD_Window_UU>
            <TitleLogic/>
            <AD_Window_Trl type="translation">
                <Help/>
                <Name>LTX Indexing Configuration</Name>
                <Description/>
                <AD_Language>es_CO</AD_Language>
                <IsActive>Y</IsActive>
                <IsTranslated>N</IsTranslated>
            </AD_Window_Trl>
            <AD_Window_Trl type="translation">
                <Help/>
                <Name>LTX Indexing Configuration</Name>
                <Description/>
                <AD_Language>en_GB</AD_Language>
                <IsActive>Y</IsActive>
                <IsTranslated>N</IsTranslated>
            </AD_Window_Trl>
            <AD_Table type="table">
                <AD_Client_ID>0</AD_Client_ID>
                <AD_Org_ID>0</AD_Org_ID>
                <Name>LTX Indexing Configuration</Name>
                <Description/>
                <Help/>
                <AD_Window_ID reference="uuid" reference-key="AD_Window">dd6370cd-392e-4343-9448-cbeefa72d214</AD_Window_ID>
                <AD_Val_Rule_ID reference="id"/>
                <TableName>LTX_Indexing_Conf</TableName>
                <LoadSeq>0</LoadSeq>
                <AccessLevel>3</AccessLevel>
                <IsActive>Y</IsActive>
                <IsSecurityEnabled>N</IsSecurityEnabled>
                <IsDeleteable>Y</IsDeleteable>
                <IsHighVolume>N</IsHighVolume>
                <IsView>N</IsView>
                <EntityType>U</EntityType>
                <ImportTable>N</ImportTable>
                <IsChangeLog>N</IsChangeLog>
                <ReplicationType>L</ReplicationType>
                <PO_Window_ID reference="id"/>
                <CopyColumnsFromTable>N</CopyColumnsFromTable>
                <IsCentrallyMaintained>Y</IsCentrallyMaintained>
                <AD_Table_UU>1e79be68-ccb0-4211-8cc4-c2c5404b1666</AD_Table_UU>
                <Processing>N</Processing>
                <DatabaseViewDrop>N</DatabaseViewDrop>
                <AD_Element type="table">
                    <AD_Client_ID>0</AD_Client_ID>
                    <AD_Org_ID>0</AD_Org_ID>
                    <IsActive>Y</IsActive>
                    <ColumnName>LTX_Indexing_Conf_ID</ColumnName>
                    <Name>Indexing Configuration </Name>
                    <Description/>
                    <Help/>
                    <PrintName>Indexing Configuration </PrintName>
                    <PO_Description/>
                    <PO_Help/>
                    <PO_Name/>
                    <PO_PrintName/>
                    <EntityType>U</EntityType>
                    <AD_Element_UU>cb562045-b44d-4b63-b4bf-a40ef04596d3</AD_Element_UU>
                    <AD_Element_Trl type="translation">
                        <Help/>
                        <PO_Description/>
                        <PO_Help/>
                        <PO_PrintName/>
                        <Name>Indexing Configuration</Name>
                        <Description/>
                        <PrintName>Indexing Configuration</PrintName>
                        <PO_Name/>
                        <AD_Language>en_GB</AD_Language>
                        <IsActive>Y</IsActive>
                        <IsTranslated>N</IsTranslated>
                    </AD_Element_Trl>
                    <AD_Element_Trl type="translation">
                        <Help/>
                        <PO_Description/>
                        <PO_Help/>
                        <PO_PrintName/>
                        <Name>Indexing Configuration</Name>
                        <Description/>
                        <PrintName>Indexing Configuration</PrintName>
                        <PO_Name/>
                        <AD_Language>es_CO</AD_Language>
                        <IsActive>Y</IsActive>
                        <IsTranslated>N</IsTranslated>
                    </AD_Element_Trl>
                </AD_Element>
                <AD_Column type="table">
                    <IsSyncDatabase>Y</IsSyncDatabase>
                    <AD_Table_ID reference="uuid" reference-key="AD_Table">1e79be68-ccb0-4211-8cc4-c2c5404b1666</AD_Table_ID>
                    <AD_Reference_Value_ID reference="id"/>
                    <AD_Client_ID>0</AD_Client_ID>
                    <AD_Org_ID>0</AD_Org_ID>
                    <Version>0</Version>
                    <Name>Indexing Configuration </Name>
                    <Description/>
                    <Help/>
                    <AD_Val_Rule_ID reference="id"/>
                    <ColumnName>LTX_Indexing_Conf_ID</ColumnName>
                    <DefaultValue/>
                    <FieldLength>22</FieldLength>
                    <IsKey>Y</IsKey>
                    <IsParent>N</IsParent>
                    <IsMandatory>N</IsMandatory>
                    <IsTranslated>N</IsTranslated>
                    <IsIdentifier>N</IsIdentifier>
                    <SeqNo>0</SeqNo>
                    <IsEncrypted>N</IsEncrypted>
                    <AD_Reference_ID reference="id">13</AD_Reference_ID>
                    <IsActive>Y</IsActive>
                    <VFormat/>
                    <Callout/>
                    <AD_Element_ID reference="uuid" reference-key="AD_Element">cb562045-b44d-4b63-b4bf-a40ef04596d3</AD_Element_ID>
                    <IsUpdateable>N</IsUpdateable>
                    <AD_Process_ID reference="id"/>
                    <ValueMin/>
                    <ValueMax/>
                    <IsSelectionColumn>N</IsSelectionColumn>
                    <ReadOnlyLogic/>
                    <EntityType>U</EntityType>
                    <IsAlwaysUpdateable>N</IsAlwaysUpdateable>
                    <ColumnSQL/>
                    <MandatoryLogic/>
                    <IsAutocomplete>N</IsAutocomplete>
                    <IsAllowLogging>Y</IsAllowLogging>
                    <FormatPattern/>
                    <AD_Chart_ID reference="id"/>
                    <AD_Column_UU>47d2b9a6-0cf4-424b-a271-89f3cbc67a76</AD_Column_UU>
                    <IsAllowCopy>N</IsAllowCopy>
                    <SeqNoSelection>0</SeqNoSelection>
                    <IsToolbarButton>N</IsToolbarButton>
                    <IsSecure>N</IsSecure>
                    <FKConstraintName/>
                    <FKConstraintType>N</FKConstraintType>
                </AD_Column>
                <AD_Column type="table">
                    <IsSyncDatabase>Y</IsSyncDatabase>
                    <AD_Table_ID reference="uuid" reference-key="AD_Table">1e79be68-ccb0-4211-8cc4-c2c5404b1666</AD_Table_ID>
                    <AD_Reference_Value_ID reference="id"/>
                    <AD_Client_ID>0</AD_Client_ID>
                    <AD_Org_ID>0</AD_Org_ID>
                    <Version>0</Version>
                    <Name>Client</Name>
                    <Description>Client/Tenant for this installation.</Description>
                    <Help>A Client is a company or a legal entity. You cannot share data between Clients. Tenant is a synonym for Client.</Help>
                    <AD_Val_Rule_ID reference="id">129</AD_Val_Rule_ID>
                    <ColumnName>AD_Client_ID</ColumnName>
                    <DefaultValue>@#AD_Client_ID@</DefaultValue>
                    <FieldLength>22</FieldLength>
                    <IsKey>N</IsKey>
                    <IsParent>N</IsParent>
                    <IsMandatory>N</IsMandatory>
                    <IsTranslated>N</IsTranslated>
                    <IsIdentifier>N</IsIdentifier>
                    <SeqNo>0</SeqNo>
                    <IsEncrypted>N</IsEncrypted>
                    <AD_Reference_ID reference="id">19</AD_Reference_ID>
                    <IsActive>Y</IsActive>
                    <VFormat/>
                    <Callout/>
                    <AD_Element_ID reference="id">102</AD_Element_ID>
                    <IsUpdateable>N</IsUpdateable>
                    <AD_Process_ID reference="id"/>
                    <ValueMin/>
                    <ValueMax/>
                    <IsSelectionColumn>N</IsSelectionColumn>
                    <ReadOnlyLogic/>
                    <EntityType>U</EntityType>
                    <IsAlwaysUpdateable>N</IsAlwaysUpdateable>
                    <ColumnSQL/>
                    <MandatoryLogic/>
                    <IsAutocomplete>N</IsAutocomplete>
                    <IsAllowLogging>Y</IsAllowLogging>
                    <FormatPattern/>
                    <AD_Chart_ID reference="id"/>
                    <AD_Column_UU>08b9a8f6-b1b3-43d0-ac74-898c16862601</AD_Column_UU>
                    <IsAllowCopy>N</IsAllowCopy>
                    <SeqNoSelection>0</SeqNoSelection>
                    <IsToolbarButton>N</IsToolbarButton>
                    <IsSecure>N</IsSecure>
                    <FKConstraintName>ADClient_LTXIndexingConf</FKConstraintName>
                    <FKConstraintType>N</FKConstraintType>
                </AD_Column>
                <AD_Column type="table">
                    <IsSyncDatabase>Y</IsSyncDatabase>
                    <AD_Table_ID reference="uuid" reference-key="AD_Table">1e79be68-ccb0-4211-8cc4-c2c5404b1666</AD_Table_ID>
                    <AD_Reference_Value_ID reference="id"/>
                    <AD_Client_ID>0</AD_Client_ID>
                    <AD_Org_ID>0</AD_Org_ID>
                    <Version>0</Version>
                    <Name>Organization</Name>
                    <Description>Organizational entity within client</Description>
                    <Help>An organization is a unit of your client or legal entity - examples are store, department. You can share data between organizations.</Help>
                    <AD_Val_Rule_ID reference="id">104</AD_Val_Rule_ID>
                    <ColumnName>AD_Org_ID</ColumnName>
                    <DefaultValue>@#AD_Org_ID@</DefaultValue>
                    <FieldLength>22</FieldLength>
                    <IsKey>N</IsKey>
                    <IsParent>N</IsParent>
                    <IsMandatory>N</IsMandatory>
                    <IsTranslated>N</IsTranslated>
                    <IsIdentifier>N</IsIdentifier>
                    <SeqNo>0</SeqNo>
                    <IsEncrypted>N</IsEncrypted>
                    <AD_Reference_ID reference="id">19</AD_Reference_ID>
                    <IsActive>Y</IsActive>
                    <VFormat/>
                    <Callout/>
                    <AD_Element_ID reference="id">113</AD_Element_ID>
                    <IsUpdateable>N</IsUpdateable>
                    <AD_Process_ID reference="id"/>
                    <ValueMin/>
                    <ValueMax/>
                    <IsSelectionColumn>N</IsSelectionColumn>
                    <ReadOnlyLogic/>
                    <EntityType>U</EntityType>
                    <IsAlwaysUpdateable>N</IsAlwaysUpdateable>
                    <ColumnSQL/>
                    <MandatoryLogic/>
                    <IsAutocomplete>N</IsAutocomplete>
                    <IsAllowLogging>Y</IsAllowLogging>
                    <FormatPattern/>
                    <AD_Chart_ID reference="id"/>
                    <AD_Column_UU>2c351bb3-1ef9-4ff1-9967-bed32a8f90f3</AD_Column_UU>
                    <IsAllowCopy>N</IsAllowCopy>
                    <SeqNoSelection>0</SeqNoSelection>
                    <IsToolbarButton>N</IsToolbarButton>
                    <IsSecure>N</IsSecure>
                    <FKConstraintName>ADOrg_LTXIndexingConf</FKConstraintName>
                    <FKConstraintType>N</FKConstraintType>
                </AD_Column>
                <AD_Column type="table">
                    <IsSyncDatabase>Y</IsSyncDatabase>
                    <AD_Table_ID reference="uuid" reference-key="AD_Table">1e79be68-ccb0-4211-8cc4-c2c5404b1666</AD_Table_ID>
                    <AD_Reference_Value_ID reference="id"/>
                    <AD_Client_ID>0</AD_Client_ID>
                    <AD_Org_ID>0</AD_Org_ID>
                    <Version>0</Version>
                    <Name>Created</Name>
                    <Description>Date this record was created</Description>
                    <Help>The Created field indicates the date that this record was created.</Help>
                    <AD_Val_Rule_ID reference="id"/>
                    <ColumnName>Created</ColumnName>
                    <DefaultValue>SYSDATE</DefaultValue>
                    <FieldLength>7</FieldLength>
                    <IsKey>N</IsKey>
                    <IsParent>N</IsParent>
                    <IsMandatory>N</IsMandatory>
                    <IsTranslated>N</IsTranslated>
                    <IsIdentifier>N</IsIdentifier>
                    <SeqNo>0</SeqNo>
                    <IsEncrypted>N</IsEncrypted>
                    <AD_Reference_ID reference="id">16</AD_Reference_ID>
                    <IsActive>Y</IsActive>
                    <VFormat/>
                    <Callout/>
                    <AD_Element_ID reference="id">245</AD_Element_ID>
                    <IsUpdateable>N</IsUpdateable>
                    <AD_Process_ID reference="id"/>
                    <ValueMin/>
                    <ValueMax/>
                    <IsSelectionColumn>N</IsSelectionColumn>
                    <ReadOnlyLogic/>
                    <EntityType>U</EntityType>
                    <IsAlwaysUpdateable>N</IsAlwaysUpdateable>
                    <ColumnSQL/>
                    <MandatoryLogic/>
                    <IsAutocomplete>N</IsAutocomplete>
                    <IsAllowLogging>Y</IsAllowLogging>
                    <FormatPattern/>
                    <AD_Chart_ID reference="id"/>
                    <AD_Column_UU>7e223699-192c-4f45-bb33-a62656f7952c</AD_Column_UU>
                    <IsAllowCopy>N</IsAllowCopy>
                    <SeqNoSelection>0</SeqNoSelection>
                    <IsToolbarButton>N</IsToolbarButton>
                    <IsSecure>N</IsSecure>
                    <FKConstraintName/>
                    <FKConstraintType>N</FKConstraintType>
                </AD_Column>
                <AD_Column type="table">
                    <IsSyncDatabase>Y</IsSyncDatabase>
                    <AD_Table_ID reference="uuid" reference-key="AD_Table">1e79be68-ccb0-4211-8cc4-c2c5404b1666</AD_Table_ID>
                    <AD_Reference_Value_ID reference="id">110</AD_Reference_Value_ID>
                    <AD_Client_ID>0</AD_Client_ID>
                    <AD_Org_ID>0</AD_Org_ID>
                    <Version>0</Version>
                    <Name>Created By</Name>
                    <Description>User who created this records</Description>
                    <Help>The Created By field indicates the user who created this record.</Help>
                    <AD_Val_Rule_ID reference="id"/>
                    <ColumnName>CreatedBy</ColumnName>
                    <DefaultValue/>
                    <FieldLength>22</FieldLength>
                    <IsKey>N</IsKey>
                    <IsParent>N</IsParent>
                    <IsMandatory>N</IsMandatory>
                    <IsTranslated>N</IsTranslated>
                    <IsIdentifier>N</IsIdentifier>
                    <SeqNo>0</SeqNo>
                    <IsEncrypted>N</IsEncrypted>
                    <AD_Reference_ID reference="id">18</AD_Reference_ID>
                    <IsActive>Y</IsActive>
                    <VFormat/>
                    <Callout/>
                    <AD_Element_ID reference="id">246</AD_Element_ID>
                    <IsUpdateable>N</IsUpdateable>
                    <AD_Process_ID reference="id"/>
                    <ValueMin/>
                    <ValueMax/>
                    <IsSelectionColumn>N</IsSelectionColumn>
                    <ReadOnlyLogic/>
                    <EntityType>U</EntityType>
                    <IsAlwaysUpdateable>N</IsAlwaysUpdateable>
                    <ColumnSQL/>
                    <MandatoryLogic/>
                    <IsAutocomplete>N</IsAutocomplete>
                    <IsAllowLogging>Y</IsAllowLogging>
                    <FormatPattern/>
                    <AD_Chart_ID reference="id"/>
                    <AD_Column_UU>9e11e8cc-3b07-43d1-9b76-1d3ccc7bf21e</AD_Column_UU>
                    <IsAllowCopy>N</IsAllowCopy>
                    <SeqNoSelection>0</SeqNoSelection>
                    <IsToolbarButton>N</IsToolbarButton>
                    <IsSecure>N</IsSecure>
                    <FKConstraintName>CreatedBy_LTXIndexingConf</FKConstraintName>
                    <FKConstraintType>N</FKConstraintType>
                </AD_Column>
                <AD_Column type="table">
                    <IsSyncDatabase>Y</IsSyncDatabase>
                    <AD_Table_ID reference="uuid" reference-key="AD_Table">1e79be68-ccb0-4211-8cc4-c2c5404b1666</AD_Table_ID>
                    <AD_Reference_Value_ID reference="id"/>
                    <AD_Client_ID>0</AD_Client_ID>
                    <AD_Org_ID>0</AD_Org_ID>
                    <Version>0</Version>
                    <Name>Updated</Name>
                    <Description>Date this record was updated</Description>
                    <Help>The Updated field indicates the date that this record was updated.</Help>
                    <AD_Val_Rule_ID reference="id"/>
                    <ColumnName>Updated</ColumnName>
                    <DefaultValue>SYSDATE</DefaultValue>
                    <FieldLength>7</FieldLength>
                    <IsKey>N</IsKey>
                    <IsParent>N</IsParent>
                    <IsMandatory>N</IsMandatory>
                    <IsTranslated>N</IsTranslated>
                    <IsIdentifier>N</IsIdentifier>
                    <SeqNo>0</SeqNo>
                    <IsEncrypted>N</IsEncrypted>
                    <AD_Reference_ID reference="id">16</AD_Reference_ID>
                    <IsActive>Y</IsActive>
                    <VFormat/>
                    <Callout/>
                    <AD_Element_ID reference="id">607</AD_Element_ID>
                    <IsUpdateable>N</IsUpdateable>
                    <AD_Process_ID reference="id"/>
                    <ValueMin/>
                    <ValueMax/>
                    <IsSelectionColumn>N</IsSelectionColumn>
                    <ReadOnlyLogic/>
                    <EntityType>U</EntityType>
                    <IsAlwaysUpdateable>N</IsAlwaysUpdateable>
                    <ColumnSQL/>
                    <MandatoryLogic/>
                    <IsAutocomplete>N</IsAutocomplete>
                    <IsAllowLogging>Y</IsAllowLogging>
                    <FormatPattern/>
                    <AD_Chart_ID reference="id"/>
                    <AD_Column_UU>df22b426-8779-445f-8333-ebe35d19c88f</AD_Column_UU>
                    <IsAllowCopy>N</IsAllowCopy>
                    <SeqNoSelection>0</SeqNoSelection>
                    <IsToolbarButton>N</IsToolbarButton>
                    <IsSecure>N</IsSecure>
                    <FKConstraintName/>
                    <FKConstraintType>N</FKConstraintType>
                </AD_Column>
                <AD_Column type="table">
                    <IsSyncDatabase>Y</IsSyncDatabase>
                    <AD_Table_ID reference="uuid" reference-key="AD_Table">1e79be68-ccb0-4211-8cc4-c2c5404b1666</AD_Table_ID>
                    <AD_Reference_Value_ID reference="id">110</AD_Reference_Value_ID>
                    <AD_Client_ID>0</AD_Client_ID>
                    <AD_Org_ID>0</AD_Org_ID>
                    <Version>0</Version>
                    <Name>Updated By</Name>
                    <Description>User who updated this records</Description>
                    <Help>The Updated By field indicates the user who updated this record.</Help>
                    <AD_Val_Rule_ID reference="id"/>
                    <ColumnName>UpdatedBy</ColumnName>
                    <DefaultValue/>
                    <FieldLength>22</FieldLength>
                    <IsKey>N</IsKey>
                    <IsParent>N</IsParent>
                    <IsMandatory>N</IsMandatory>
                    <IsTranslated>N</IsTranslated>
                    <IsIdentifier>N</IsIdentifier>
                    <SeqNo>0</SeqNo>
                    <IsEncrypted>N</IsEncrypted>
                    <AD_Reference_ID reference="id">18</AD_Reference_ID>
                    <IsActive>Y</IsActive>
                    <VFormat/>
                    <Callout/>
                    <AD_Element_ID reference="id">608</AD_Element_ID>
                    <IsUpdateable>N</IsUpdateable>
                    <AD_Process_ID reference="id"/>
                    <ValueMin/>
                    <ValueMax/>
                    <IsSelectionColumn>N</IsSelectionColumn>
                    <ReadOnlyLogic/>
                    <EntityType>U</EntityType>
                    <IsAlwaysUpdateable>N</IsAlwaysUpdateable>
                    <ColumnSQL/>
                    <MandatoryLogic/>
                    <IsAutocomplete>N</IsAutocomplete>
                    <IsAllowLogging>Y</IsAllowLogging>
                    <FormatPattern/>
                    <AD_Chart_ID reference="id"/>
                    <AD_Column_UU>88c2b28c-4e72-4f66-9d10-bd00e756debf</AD_Column_UU>
                    <IsAllowCopy>N</IsAllowCopy>
                    <SeqNoSelection>0</SeqNoSelection>
                    <IsToolbarButton>N</IsToolbarButton>
                    <IsSecure>N</IsSecure>
                    <FKConstraintName>UpdatedBy_LTXIndexingConf</FKConstraintName>
                    <FKConstraintType>N</FKConstraintType>
                </AD_Column>
                <AD_Column type="table">
                    <IsSyncDatabase>Y</IsSyncDatabase>
                    <AD_Table_ID reference="uuid" reference-key="AD_Table">1e79be68-ccb0-4211-8cc4-c2c5404b1666</AD_Table_ID>
                    <AD_Reference_Value_ID reference="id"/>
                    <AD_Client_ID>0</AD_Client_ID>
                    <AD_Org_ID>0</AD_Org_ID>
                    <Version>0</Version>
                    <Name>Active</Name>
                    <Description>The record is active in the system</Description>
                    <Help>There are two methods of making records unavailable in the system: One is to delete the record, the other is to de-activate the record. A de-activated record is not available for selection, but available for reports.
There are two reasons for de-activating and not deleting records:
(1) The system requires the record for audit purposes.
(2) The record is referenced by other records. E.g., you cannot delete a Business Partner, if there are invoices for this partner record existing. You de-activate the Business Partner and prevent that this record is used for future entries.</Help>
                    <AD_Val_Rule_ID reference="id"/>
                    <ColumnName>IsActive</ColumnName>
                    <DefaultValue>Y</DefaultValue>
                    <FieldLength>1</FieldLength>
                    <IsKey>N</IsKey>
                    <IsParent>N</IsParent>
                    <IsMandatory>N</IsMandatory>
                    <IsTranslated>N</IsTranslated>
                    <IsIdentifier>N</IsIdentifier>
                    <SeqNo>0</SeqNo>
                    <IsEncrypted>N</IsEncrypted>
                    <AD_Reference_ID reference="id">20</AD_Reference_ID>
                    <IsActive>Y</IsActive>
                    <VFormat/>
                    <Callout/>
                    <AD_Element_ID reference="id">348</AD_Element_ID>
                    <IsUpdateable>Y</IsUpdateable>
                    <AD_Process_ID reference="id"/>
                    <ValueMin/>
                    <ValueMax/>
                    <IsSelectionColumn>N</IsSelectionColumn>
                    <ReadOnlyLogic/>
                    <EntityType>U</EntityType>
                    <IsAlwaysUpdateable>N</IsAlwaysUpdateable>
                    <ColumnSQL/>
                    <MandatoryLogic/>
                    <IsAutocomplete>N</IsAutocomplete>
                    <IsAllowLogging>Y</IsAllowLogging>
                    <FormatPattern/>
                    <AD_Chart_ID reference="id"/>
                    <AD_Column_UU>c6c9d31e-a917-4eca-8c99-884c829f3d8e</AD_Column_UU>
                    <IsAllowCopy>N</IsAllowCopy>
                    <SeqNoSelection>0</SeqNoSelection>
                    <IsToolbarButton>N</IsToolbarButton>
                    <IsSecure>N</IsSecure>
                    <FKConstraintName/>
                    <FKConstraintType>N</FKConstraintType>
                </AD_Column>
                <AD_Element type="table">
                    <AD_Client_ID>0</AD_Client_ID>
                    <AD_Org_ID>0</AD_Org_ID>
                    <IsActive>Y</IsActive>
                    <ColumnName>LTX_Indexing_Core</ColumnName>
                    <Name>Indexing Core</Name>
                    <Description/>
                    <Help/>
                    <PrintName>Core</PrintName>
                    <PO_Description/>
                    <PO_Help/>
                    <PO_Name/>
                    <PO_PrintName/>
                    <EntityType>U</EntityType>
                    <AD_Element_UU>e7ebeba8-c9d8-4554-b5bf-90f6546f3261</AD_Element_UU>
                    <AD_Element_Trl type="translation">
                        <Help/>
                        <PO_Description/>
                        <PO_Help/>
                        <PO_PrintName/>
                        <Name>Indexing Core</Name>
                        <Description/>
                        <PrintName>Core</PrintName>
                        <PO_Name/>
                        <AD_Language>en_GB</AD_Language>
                        <IsActive>Y</IsActive>
                        <IsTranslated>N</IsTranslated>
                    </AD_Element_Trl>
                    <AD_Element_Trl type="translation">
                        <Help/>
                        <PO_Description/>
                        <PO_Help/>
                        <PO_PrintName/>
                        <Name>Indexing Core</Name>
                        <Description/>
                        <PrintName>Core</PrintName>
                        <PO_Name/>
                        <AD_Language>es_CO</AD_Language>
                        <IsActive>Y</IsActive>
                        <IsTranslated>N</IsTranslated>
                    </AD_Element_Trl>
                </AD_Element>
                <AD_Column type="table">
                    <IsSyncDatabase>Y</IsSyncDatabase>
                    <AD_Table_ID reference="uuid" reference-key="AD_Table">1e79be68-ccb0-4211-8cc4-c2c5404b1666</AD_Table_ID>
                    <AD_Reference_Value_ID reference="id"/>
                    <AD_Client_ID>0</AD_Client_ID>
                    <AD_Org_ID>0</AD_Org_ID>
                    <Version>0</Version>
                    <Name>Indexing Core</Name>
                    <Description/>
                    <Help/>
                    <AD_Val_Rule_ID reference="id"/>
                    <ColumnName>LTX_Indexing_Core</ColumnName>
                    <DefaultValue/>
                    <FieldLength>30</FieldLength>
                    <IsKey>N</IsKey>
                    <IsParent>N</IsParent>
                    <IsMandatory>Y</IsMandatory>
                    <IsTranslated>N</IsTranslated>
                    <IsIdentifier>N</IsIdentifier>
                    <SeqNo>0</SeqNo>
                    <IsEncrypted>N</IsEncrypted>
                    <AD_Reference_ID reference="id">10</AD_Reference_ID>
                    <IsActive>Y</IsActive>
                    <VFormat/>
                    <Callout/>
                    <AD_Element_ID reference="uuid" reference-key="AD_Element">e7ebeba8-c9d8-4554-b5bf-90f6546f3261</AD_Element_ID>
                    <IsUpdateable>Y</IsUpdateable>
                    <AD_Process_ID reference="id"/>
                    <ValueMin/>
                    <ValueMax/>
                    <IsSelectionColumn>N</IsSelectionColumn>
                    <ReadOnlyLogic/>
                    <EntityType>U</EntityType>
                    <IsAlwaysUpdateable>N</IsAlwaysUpdateable>
                    <ColumnSQL/>
                    <MandatoryLogic/>
                    <IsAutocomplete>N</IsAutocomplete>
                    <IsAllowLogging>Y</IsAllowLogging>
                    <FormatPattern/>
                    <AD_Chart_ID reference="id"/>
                    <AD_Column_UU>4fc4e309-d805-4c02-8d1c-b9d2320e7660</AD_Column_UU>
                    <IsAllowCopy>Y</IsAllowCopy>
                    <SeqNoSelection>0</SeqNoSelection>
                    <IsToolbarButton>N</IsToolbarButton>
                    <IsSecure>N</IsSecure>
                    <FKConstraintName/>
                    <FKConstraintType>N</FKConstraintType>
                </AD_Column>
                <AD_Element type="table">
                    <AD_Client_ID>0</AD_Client_ID>
                    <AD_Org_ID>0</AD_Org_ID>
                    <IsActive>Y</IsActive>
                    <ColumnName>LTX_Indexing_Type</ColumnName>
                    <Name>Indexing Type</Name>
                    <Description/>
                    <Help/>
                    <PrintName>Indexing Type</PrintName>
                    <PO_Description/>
                    <PO_Help/>
                    <PO_Name/>
                    <PO_PrintName/>
                    <EntityType>U</EntityType>
                    <AD_Element_UU>e4236389-a542-4665-86db-52f08a6e5ec2</AD_Element_UU>
                    <AD_Element_Trl type="translation">
                        <Help/>
                        <PO_Description/>
                        <PO_Help/>
                        <PO_PrintName/>
                        <Name>Indexing Type</Name>
                        <Description/>
                        <PrintName>Indexing Type</PrintName>
                        <PO_Name/>
                        <AD_Language>en_GB</AD_Language>
                        <IsActive>Y</IsActive>
                        <IsTranslated>N</IsTranslated>
                    </AD_Element_Trl>
                    <AD_Element_Trl type="translation">
                        <Help/>
                        <PO_Description/>
                        <PO_Help/>
                        <PO_PrintName/>
                        <Name>Indexing Type</Name>
                        <Description/>
                        <PrintName>Indexing Type</PrintName>
                        <PO_Name/>
                        <AD_Language>es_CO</AD_Language>
                        <IsActive>Y</IsActive>
                        <IsTranslated>N</IsTranslated>
                    </AD_Element_Trl>
                </AD_Element>
                <AD_Reference type="table">
                    <AD_Client_ID>0</AD_Client_ID>
                    <AD_Org_ID>0</AD_Org_ID>
                    <Name>LTX Indexing Type</Name>
                    <Description/>
                    <Help/>
                    <ValidationType>L</ValidationType>
                    <IsActive>Y</IsActive>
                    <VFormat/>
                    <EntityType>U</EntityType>
                    <IsOrderByValue>N</IsOrderByValue>
                    <AD_Reference_UU>f961ac4c-2f28-4fe8-a299-401d694be11e</AD_Reference_UU>
                    <AD_Reference_Trl type="translation">
                        <Help/>
                        <Name>LTX Indexing Type</Name>
                        <Description/>
                        <AD_Language>es_CO</AD_Language>
                        <IsActive>Y</IsActive>
                        <IsTranslated>N</IsTranslated>
                    </AD_Reference_Trl>
                    <AD_Reference_Trl type="translation">
                        <Help/>
                        <Name>LTX Indexing Type</Name>
                        <Description/>
                        <AD_Language>en_GB</AD_Language>
                        <IsActive>Y</IsActive>
                        <IsTranslated>N</IsTranslated>
                    </AD_Reference_Trl>
                    <AD_Ref_List type="table">
                        <AD_Client_ID>0</AD_Client_ID>
                        <AD_Org_ID>0</AD_Org_ID>
                        <Name>Lucene</Name>
                        <Description/>
                        <AD_Reference_ID reference="uuid" reference-key="AD_Reference">f961ac4c-2f28-4fe8-a299-401d694be11e</AD_Reference_ID>
                        <ValidFrom/>
                        <ValidTo/>
                        <Value>LUC</Value>
                        <IsActive>Y</IsActive>
                        <EntityType>U</EntityType>
                        <AD_Ref_List_UU>b6911d52-631a-4bc3-ad91-2b015c386d6e</AD_Ref_List_UU>
                        <AD_Ref_List_Trl type="translation">
                            <Description/>
                            <Name>Lucene</Name>
                            <AD_Language>es_CO</AD_Language>
                            <IsActive>Y</IsActive>
                            <IsTranslated>N</IsTranslated>
                        </AD_Ref_List_Trl>
                        <AD_Ref_List_Trl type="translation">
                            <Description/>
                            <Name>Lucene</Name>
                            <AD_Language>en_GB</AD_Language>
                            <IsActive>Y</IsActive>
                            <IsTranslated>N</IsTranslated>
                        </AD_Ref_List_Trl>
                    </AD_Ref_List>
                    <AD_Ref_List type="table">
                        <AD_Client_ID>0</AD_Client_ID>
                        <AD_Org_ID>0</AD_Org_ID>
                        <Name>Solr</Name>
                        <Description/>
                        <AD_Reference_ID reference="uuid" reference-key="AD_Reference">f961ac4c-2f28-4fe8-a299-401d694be11e</AD_Reference_ID>
                        <ValidFrom/>
                        <ValidTo/>
                        <Value>SOL</Value>
                        <IsActive>Y</IsActive>
                        <EntityType>U</EntityType>
                        <AD_Ref_List_UU>55750577-67f1-44b3-a860-e73a8d2f7898</AD_Ref_List_UU>
                        <AD_Ref_List_Trl type="translation">
                            <Description/>
                            <Name>Solr</Name>
                            <AD_Language>es_CO</AD_Language>
                            <IsActive>Y</IsActive>
                            <IsTranslated>N</IsTranslated>
                        </AD_Ref_List_Trl>
                        <AD_Ref_List_Trl type="translation">
                            <Description/>
                            <Name>Solr</Name>
                            <AD_Language>en_GB</AD_Language>
                            <IsActive>Y</IsActive>
                            <IsTranslated>N</IsTranslated>
                        </AD_Ref_List_Trl>
                    </AD_Ref_List>
                </AD_Reference>
                <AD_Column type="table">
                    <IsSyncDatabase>Y</IsSyncDatabase>
                    <AD_Table_ID reference="uuid" reference-key="AD_Table">1e79be68-ccb0-4211-8cc4-c2c5404b1666</AD_Table_ID>
                    <AD_Reference_Value_ID reference="uuid" reference-key="AD_Reference">f961ac4c-2f28-4fe8-a299-401d694be11e</AD_Reference_Value_ID>
                    <AD_Client_ID>0</AD_Client_ID>
                    <AD_Org_ID>0</AD_Org_ID>
                    <Version>0</Version>
                    <Name>Indexing Type</Name>
                    <Description/>
                    <Help/>
                    <AD_Val_Rule_ID reference="id"/>
                    <ColumnName>LTX_Indexing_Type</ColumnName>
                    <DefaultValue/>
                    <FieldLength>3</FieldLength>
                    <IsKey>N</IsKey>
                    <IsParent>N</IsParent>
                    <IsMandatory>Y</IsMandatory>
                    <IsTranslated>N</IsTranslated>
                    <IsIdentifier>N</IsIdentifier>
                    <SeqNo>0</SeqNo>
                    <IsEncrypted>N</IsEncrypted>
                    <AD_Reference_ID reference="id">17</AD_Reference_ID>
                    <IsActive>Y</IsActive>
                    <VFormat/>
                    <Callout/>
                    <AD_Element_ID reference="uuid" reference-key="AD_Element">e4236389-a542-4665-86db-52f08a6e5ec2</AD_Element_ID>
                    <IsUpdateable>Y</IsUpdateable>
                    <AD_Process_ID reference="id"/>
                    <ValueMin/>
                    <ValueMax/>
                    <IsSelectionColumn>N</IsSelectionColumn>
                    <ReadOnlyLogic/>
                    <EntityType>U</EntityType>
                    <IsAlwaysUpdateable>N</IsAlwaysUpdateable>
                    <ColumnSQL/>
                    <MandatoryLogic/>
                    <IsAutocomplete>N</IsAutocomplete>
                    <IsAllowLogging>Y</IsAllowLogging>
                    <FormatPattern/>
                    <AD_Chart_ID reference="id"/>
                    <AD_Column_UU>b98fe6ef-02cf-4354-8902-0a6c374ba286</AD_Column_UU>
                    <IsAllowCopy>Y</IsAllowCopy>
                    <SeqNoSelection>0</SeqNoSelection>
                    <IsToolbarButton>N</IsToolbarButton>
                    <IsSecure>N</IsSecure>
                    <FKConstraintName/>
                    <FKConstraintType>N</FKConstraintType>
                </AD_Column>
                <AD_Column type="table">
                    <IsSyncDatabase>Y</IsSyncDatabase>
                    <AD_Table_ID reference="uuid" reference-key="AD_Table">1e79be68-ccb0-4211-8cc4-c2c5404b1666</AD_Table_ID>
                    <AD_Reference_Value_ID reference="id"/>
                    <AD_Client_ID>0</AD_Client_ID>
                    <AD_Org_ID>0</AD_Org_ID>
                    <Version>0</Version>
                    <Name>Password</Name>
                    <Description>Password of any length (case sensitive)</Description>
                    <Help>The Password for this User.  Passwords are required to identify authorized users.  For iDempiere Users, you can change the password via the Process "Reset Password".</Help>
                    <AD_Val_Rule_ID reference="id"/>
                    <ColumnName>Password</ColumnName>
                    <DefaultValue/>
                    <FieldLength>20</FieldLength>
                    <IsKey>N</IsKey>
                    <IsParent>N</IsParent>
                    <IsMandatory>N</IsMandatory>
                    <IsTranslated>N</IsTranslated>
                    <IsIdentifier>N</IsIdentifier>
                    <SeqNo>0</SeqNo>
                    <IsEncrypted>N</IsEncrypted>
                    <AD_Reference_ID reference="id">10</AD_Reference_ID>
                    <IsActive>Y</IsActive>
                    <VFormat/>
                    <Callout/>
                    <AD_Element_ID reference="id">498</AD_Element_ID>
                    <IsUpdateable>Y</IsUpdateable>
                    <AD_Process_ID reference="id"/>
                    <ValueMin/>
                    <ValueMax/>
                    <IsSelectionColumn>N</IsSelectionColumn>
                    <ReadOnlyLogic/>
                    <EntityType>U</EntityType>
                    <IsAlwaysUpdateable>N</IsAlwaysUpdateable>
                    <ColumnSQL/>
                    <MandatoryLogic/>
                    <IsAutocomplete>N</IsAutocomplete>
                    <IsAllowLogging>Y</IsAllowLogging>
                    <FormatPattern/>
                    <AD_Chart_ID reference="id"/>
                    <AD_Column_UU>a240018c-a26b-42cb-9cce-846dc522bb08</AD_Column_UU>
                    <IsAllowCopy>Y</IsAllowCopy>
                    <SeqNoSelection>0</SeqNoSelection>
                    <IsToolbarButton>N</IsToolbarButton>
                    <IsSecure>Y</IsSecure>
                    <FKConstraintName/>
                    <FKConstraintType>N</FKConstraintType>
                </AD_Column>
                <AD_Column type="table">
                    <IsSyncDatabase>Y</IsSyncDatabase>
                    <AD_Table_ID reference="uuid" reference-key="AD_Table">1e79be68-ccb0-4211-8cc4-c2c5404b1666</AD_Table_ID>
                    <AD_Reference_Value_ID reference="id"/>
                    <AD_Client_ID>0</AD_Client_ID>
                    <AD_Org_ID>0</AD_Org_ID>
                    <Version>0</Version>
                    <Name>URL</Name>
                    <Description>Full URL address - e.g. http://www.idempiere.org</Description>
                    <Help>The URL defines an fully qualified web address like http://www.idempiere.org</Help>
                    <AD_Val_Rule_ID reference="id"/>
                    <ColumnName>URL</ColumnName>
                    <DefaultValue/>
                    <FieldLength>120</FieldLength>
                    <IsKey>N</IsKey>
                    <IsParent>N</IsParent>
                    <IsMandatory>Y</IsMandatory>
                    <IsTranslated>N</IsTranslated>
                    <IsIdentifier>N</IsIdentifier>
                    <SeqNo>0</SeqNo>
                    <IsEncrypted>N</IsEncrypted>
                    <AD_Reference_ID reference="id">40</AD_Reference_ID>
                    <IsActive>Y</IsActive>
                    <VFormat/>
                    <Callout/>
                    <AD_Element_ID reference="id">983</AD_Element_ID>
                    <IsUpdateable>N</IsUpdateable>
                    <AD_Process_ID reference="id"/>
                    <ValueMin/>
                    <ValueMax/>
                    <IsSelectionColumn>N</IsSelectionColumn>
                    <ReadOnlyLogic/>
                    <EntityType>U</EntityType>
                    <IsAlwaysUpdateable>N</IsAlwaysUpdateable>
                    <ColumnSQL/>
                    <MandatoryLogic/>
                    <IsAutocomplete>N</IsAutocomplete>
                    <IsAllowLogging>Y</IsAllowLogging>
                    <FormatPattern/>
                    <AD_Chart_ID reference="id"/>
                    <AD_Column_UU>68d11d00-9088-4c7b-a8a9-fa32e3104b9a</AD_Column_UU>
                    <IsAllowCopy>Y</IsAllowCopy>
                    <SeqNoSelection>0</SeqNoSelection>
                    <IsToolbarButton>N</IsToolbarButton>
                    <IsSecure>N</IsSecure>
                    <FKConstraintName/>
                    <FKConstraintType>N</FKConstraintType>
                </AD_Column>
                <AD_Column type="table">
                    <IsSyncDatabase>Y</IsSyncDatabase>
                    <AD_Table_ID reference="uuid" reference-key="AD_Table">1e79be68-ccb0-4211-8cc4-c2c5404b1666</AD_Table_ID>
                    <AD_Reference_Value_ID reference="id"/>
                    <AD_Client_ID>0</AD_Client_ID>
                    <AD_Org_ID>0</AD_Org_ID>
                    <Version>0</Version>
                    <Name>User Name</Name>
                    <Description/>
                    <Help/>
                    <AD_Val_Rule_ID reference="id"/>
                    <ColumnName>UserName</ColumnName>
                    <DefaultValue/>
                    <FieldLength>60</FieldLength>
                    <IsKey>N</IsKey>
                    <IsParent>N</IsParent>
                    <IsMandatory>N</IsMandatory>
                    <IsTranslated>N</IsTranslated>
                    <IsIdentifier>N</IsIdentifier>
                    <SeqNo>0</SeqNo>
                    <IsEncrypted>N</IsEncrypted>
                    <AD_Reference_ID reference="id">10</AD_Reference_ID>
                    <IsActive>Y</IsActive>
                    <VFormat/>
                    <Callout/>
                    <AD_Element_ID reference="id">1903</AD_Element_ID>
                    <IsUpdateable>Y</IsUpdateable>
                    <AD_Process_ID reference="id"/>
                    <ValueMin/>
                    <ValueMax/>
                    <IsSelectionColumn>Y</IsSelectionColumn>
                    <ReadOnlyLogic/>
                    <EntityType>U</EntityType>
                    <IsAlwaysUpdateable>N</IsAlwaysUpdateable>
                    <ColumnSQL/>
                    <MandatoryLogic/>
                    <IsAutocomplete>N</IsAutocomplete>
                    <IsAllowLogging>Y</IsAllowLogging>
                    <FormatPattern/>
                    <AD_Chart_ID reference="id"/>
                    <AD_Column_UU>374c1579-6a1f-4acf-b74b-0d567f927357</AD_Column_UU>
                    <IsAllowCopy>Y</IsAllowCopy>
                    <SeqNoSelection>0</SeqNoSelection>
                    <IsToolbarButton>N</IsToolbarButton>
                    <IsSecure>N</IsSecure>
                    <FKConstraintName/>
                    <FKConstraintType>N</FKConstraintType>
                </AD_Column>
            </AD_Table>
            <AD_Tab type="table">
                <AD_Client_ID>0</AD_Client_ID>
                <AD_Org_ID>0</AD_Org_ID>
                <Name>Indexing Configuration</Name>
                <Description/>
                <Help/>
                <AD_Window_ID reference="uuid" reference-key="AD_Window">dd6370cd-392e-4343-9448-cbeefa72d214</AD_Window_ID>
                <SeqNo>10</SeqNo>
                <IsSingleRow>Y</IsSingleRow>
                <AD_Table_ID reference="uuid" reference-key="AD_Table">1e79be68-ccb0-4211-8cc4-c2c5404b1666</AD_Table_ID>
                <IsActive>Y</IsActive>
                <HasTree>N</HasTree>
                <IsInfoTab>N</IsInfoTab>
                <IsTranslationTab>N</IsTranslationTab>
                <IsReadOnly>N</IsReadOnly>
                <AD_Column_ID reference="id"/>
                <WhereClause/>
                <OrderByClause/>
                <CommitWarning/>
                <AD_Process_ID reference="id"/>
                <Processing>N</Processing>
                <AD_Image_ID reference="id"/>
                <ImportFields>N</ImportFields>
                <TabLevel>0</TabLevel>
                <IsSortTab>N</IsSortTab>
                <AD_ColumnSortYesNo_ID reference="id"/>
                <AD_ColumnSortOrder_ID reference="id"/>
                <EntityType>U</EntityType>
                <Included_Tab_ID reference="id"/>
                <ReadOnlyLogic/>
                <DisplayLogic/>
                <IsInsertRecord>Y</IsInsertRecord>
                <IsAdvancedTab>N</IsAdvancedTab>
                <Parent_Column_ID reference="id"/>
                <AD_Tab_UU>a67a1483-ae5b-40f3-b921-13310230e65d</AD_Tab_UU>
                <AD_CtxHelp_ID reference="id"/>
                <TreeDisplayedOn>B</TreeDisplayedOn>
                <AD_TabType/>
                <AD_Tab_Trl type="translation">
                    <Help/>
                    <CommitWarning/>
                    <Name>Indexing Configuration</Name>
                    <Description/>
                    <AD_Language>es_CO</AD_Language>
                    <IsActive>Y</IsActive>
                    <IsTranslated>N</IsTranslated>
                </AD_Tab_Trl>
                <AD_Tab_Trl type="translation">
                    <Help/>
                    <CommitWarning/>
                    <Name>Indexing Configuration</Name>
                    <Description/>
                    <AD_Language>en_GB</AD_Language>
                    <IsActive>Y</IsActive>
                    <IsTranslated>N</IsTranslated>
                </AD_Tab_Trl>
                <AD_Field type="table">
                    <AD_Client_ID>0</AD_Client_ID>
                    <AD_Org_ID>0</AD_Org_ID>
                    <Name>Indexing Configuration </Name>
                    <Description/>
                    <Help/>
                    <AD_Tab_ID reference="uuid" reference-key="AD_Tab">a67a1483-ae5b-40f3-b921-13310230e65d</AD_Tab_ID>
                    <AD_Column_ID reference="uuid" reference-key="AD_Column">47d2b9a6-0cf4-424b-a271-89f3cbc67a76</AD_Column_ID>
                    <IsDisplayed>N</IsDisplayed>
                    <DisplayLogic/>
                    <DisplayLength>22</DisplayLength>
                    <SeqNo>0</SeqNo>
                    <SortNo/>
                    <IsSameLine>N</IsSameLine>
                    <IsHeading>N</IsHeading>
                    <IsFieldOnly>N</IsFieldOnly>
                    <IsEncrypted>N</IsEncrypted>
                    <IsActive>Y</IsActive>
                    <IsReadOnly>N</IsReadOnly>
                    <IsCentrallyMaintained>Y</IsCentrallyMaintained>
                    <AD_FieldGroup_ID reference="id"/>
                    <EntityType>U</EntityType>
                    <ObscureType/>
                    <AD_Reference_ID reference="id"/>
                    <IsMandatory/>
                    <DefaultValue/>
                    <AD_Reference_Value_ID reference="id"/>
                    <AD_Val_Rule_ID reference="id"/>
                    <Included_Tab_ID reference="id"/>
                    <AD_Field_UU>ed9bed12-af2f-4492-8111-09b146d62f05</AD_Field_UU>
                    <IsAllowCopy/>
                    <IsDisplayedGrid>N</IsDisplayedGrid>
                    <SeqNoGrid/>
                    <XPosition>1</XPosition>
                    <ColumnSpan>2</ColumnSpan>
                    <NumLines>1</NumLines>
                    <IsQuickEntry>N</IsQuickEntry>
                    <IsUpdateable/>
                    <IsAlwaysUpdateable/>
                    <MandatoryLogic/>
                    <ReadOnlyLogic/>
                    <IsToolbarButton/>
                    <IsDefaultFocus>N</IsDefaultFocus>
                    <IsAdvancedField>N</IsAdvancedField>
                    <AD_Field_Trl type="translation">
                        <Help/>
                        <Description/>
                        <Name>Indexing Configuration</Name>
                        <AD_Language>en_GB</AD_Language>
                        <IsActive>Y</IsActive>
                        <IsTranslated>N</IsTranslated>
                    </AD_Field_Trl>
                    <AD_Field_Trl type="translation">
                        <Help/>
                        <Description/>
                        <Name>Indexing Configuration</Name>
                        <AD_Language>es_CO</AD_Language>
                        <IsActive>Y</IsActive>
                        <IsTranslated>N</IsTranslated>
                    </AD_Field_Trl>
                </AD_Field>
                <AD_Field type="table">
                    <AD_Client_ID>0</AD_Client_ID>
                    <AD_Org_ID>0</AD_Org_ID>
                    <Name>Client</Name>
                    <Description>Client/Tenant for this installation.</Description>
                    <Help>A Client is a company or a legal entity. You cannot share data between Clients. Tenant is a synonym for Client.</Help>
                    <AD_Tab_ID reference="uuid" reference-key="AD_Tab">a67a1483-ae5b-40f3-b921-13310230e65d</AD_Tab_ID>
                    <AD_Column_ID reference="uuid" reference-key="AD_Column">08b9a8f6-b1b3-43d0-ac74-898c16862601</AD_Column_ID>
                    <IsDisplayed>Y</IsDisplayed>
                    <DisplayLogic/>
                    <DisplayLength>22</DisplayLength>
                    <SeqNo>10</SeqNo>
                    <SortNo/>
                    <IsSameLine>N</IsSameLine>
                    <IsHeading>N</IsHeading>
                    <IsFieldOnly>N</IsFieldOnly>
                    <IsEncrypted>N</IsEncrypted>
                    <IsActive>Y</IsActive>
                    <IsReadOnly>N</IsReadOnly>
                    <IsCentrallyMaintained>Y</IsCentrallyMaintained>
                    <AD_FieldGroup_ID reference="id"/>
                    <EntityType>U</EntityType>
                    <ObscureType/>
                    <AD_Reference_ID reference="id"/>
                    <IsMandatory/>
                    <DefaultValue/>
                    <AD_Reference_Value_ID reference="id"/>
                    <AD_Val_Rule_ID reference="id"/>
                    <Included_Tab_ID reference="id"/>
                    <AD_Field_UU>305ca181-7691-4ace-a8b0-cd17ffda0ce6</AD_Field_UU>
                    <IsAllowCopy/>
                    <IsDisplayedGrid>N</IsDisplayedGrid>
                    <SeqNoGrid/>
                    <XPosition>1</XPosition>
                    <ColumnSpan>2</ColumnSpan>
                    <NumLines>1</NumLines>
                    <IsQuickEntry>N</IsQuickEntry>
                    <IsUpdateable/>
                    <IsAlwaysUpdateable/>
                    <MandatoryLogic/>
                    <ReadOnlyLogic/>
                    <IsToolbarButton/>
                    <IsDefaultFocus>N</IsDefaultFocus>
                    <IsAdvancedField>N</IsAdvancedField>
                    <AD_Field_Trl type="translation">
                        <Help>A Client is a company or a legal entity. You cannot share data between Clients. Tenant is a synonym for Client.</Help>
                        <Description>Client/Tenant for this installation.</Description>
                        <Name>Client</Name>
                        <AD_Language>en_GB</AD_Language>
                        <IsActive>Y</IsActive>
                        <IsTranslated>N</IsTranslated>
                    </AD_Field_Trl>
                    <AD_Field_Trl type="translation">
                        <Help>A Client is a company or a legal entity. You cannot share data between Clients. Tenant is a synonym for Client.</Help>
                        <Description>Client/Tenant for this installation.</Description>
                        <Name>Client</Name>
                        <AD_Language>es_CO</AD_Language>
                        <IsActive>Y</IsActive>
                        <IsTranslated>N</IsTranslated>
                    </AD_Field_Trl>
                </AD_Field>
                <AD_Field type="table">
                    <AD_Client_ID>0</AD_Client_ID>
                    <AD_Org_ID>0</AD_Org_ID>
                    <Name>Organization</Name>
                    <Description>Organizational entity within client</Description>
                    <Help>An organization is a unit of your client or legal entity - examples are store, department. You can share data between organizations.</Help>
                    <AD_Tab_ID reference="uuid" reference-key="AD_Tab">a67a1483-ae5b-40f3-b921-13310230e65d</AD_Tab_ID>
                    <AD_Column_ID reference="uuid" reference-key="AD_Column">2c351bb3-1ef9-4ff1-9967-bed32a8f90f3</AD_Column_ID>
                    <IsDisplayed>Y</IsDisplayed>
                    <DisplayLogic/>
                    <DisplayLength>22</DisplayLength>
                    <SeqNo>20</SeqNo>
                    <SortNo/>
                    <IsSameLine>N</IsSameLine>
                    <IsHeading>N</IsHeading>
                    <IsFieldOnly>N</IsFieldOnly>
                    <IsEncrypted>N</IsEncrypted>
                    <IsActive>Y</IsActive>
                    <IsReadOnly>N</IsReadOnly>
                    <IsCentrallyMaintained>Y</IsCentrallyMaintained>
                    <AD_FieldGroup_ID reference="id"/>
                    <EntityType>U</EntityType>
                    <ObscureType/>
                    <AD_Reference_ID reference="id"/>
                    <IsMandatory/>
                    <DefaultValue/>
                    <AD_Reference_Value_ID reference="id"/>
                    <AD_Val_Rule_ID reference="id"/>
                    <Included_Tab_ID reference="id"/>
                    <AD_Field_UU>bf654ec6-4a46-42cc-b4e1-25f70f61954a</AD_Field_UU>
                    <IsAllowCopy>Y</IsAllowCopy>
                    <IsDisplayedGrid>Y</IsDisplayedGrid>
                    <SeqNoGrid>10</SeqNoGrid>
                    <XPosition>4</XPosition>
                    <ColumnSpan>2</ColumnSpan>
                    <NumLines>1</NumLines>
                    <IsQuickEntry>N</IsQuickEntry>
                    <IsUpdateable/>
                    <IsAlwaysUpdateable/>
                    <MandatoryLogic/>
                    <ReadOnlyLogic/>
                    <IsToolbarButton/>
                    <IsDefaultFocus>N</IsDefaultFocus>
                    <IsAdvancedField>N</IsAdvancedField>
                    <AD_Field_Trl type="translation">
                        <Help>An organization is a unit of your client or legal entity - examples are store, department. You can share data between organizations.</Help>
                        <Description>Organizational entity within client</Description>
                        <Name>Organization</Name>
                        <AD_Language>en_GB</AD_Language>
                        <IsActive>Y</IsActive>
                        <IsTranslated>N</IsTranslated>
                    </AD_Field_Trl>
                    <AD_Field_Trl type="translation">
                        <Help>An organization is a unit of your client or legal entity - examples are store, department. You can share data between organizations.</Help>
                        <Description>Organizational entity within client</Description>
                        <Name>Organization</Name>
                        <AD_Language>es_CO</AD_Language>
                        <IsActive>Y</IsActive>
                        <IsTranslated>N</IsTranslated>
                    </AD_Field_Trl>
                </AD_Field>
                <AD_Field type="table">
                    <AD_Client_ID>0</AD_Client_ID>
                    <AD_Org_ID>0</AD_Org_ID>
                    <Name>URL</Name>
                    <Description>Full URL address - e.g. http://www.idempiere.org</Description>
                    <Help>The URL defines an fully qualified web address like http://www.idempiere.org</Help>
                    <AD_Tab_ID reference="uuid" reference-key="AD_Tab">a67a1483-ae5b-40f3-b921-13310230e65d</AD_Tab_ID>
                    <AD_Column_ID reference="uuid" reference-key="AD_Column">68d11d00-9088-4c7b-a8a9-fa32e3104b9a</AD_Column_ID>
                    <IsDisplayed>Y</IsDisplayed>
                    <DisplayLogic/>
                    <DisplayLength>120</DisplayLength>
                    <SeqNo>30</SeqNo>
                    <SortNo/>
                    <IsSameLine>N</IsSameLine>
                    <IsHeading>N</IsHeading>
                    <IsFieldOnly>N</IsFieldOnly>
                    <IsEncrypted>N</IsEncrypted>
                    <IsActive>Y</IsActive>
                    <IsReadOnly>N</IsReadOnly>
                    <IsCentrallyMaintained>Y</IsCentrallyMaintained>
                    <AD_FieldGroup_ID reference="id"/>
                    <EntityType>U</EntityType>
                    <ObscureType/>
                    <AD_Reference_ID reference="id"/>
                    <IsMandatory/>
                    <DefaultValue/>
                    <AD_Reference_Value_ID reference="id"/>
                    <AD_Val_Rule_ID reference="id"/>
                    <Included_Tab_ID reference="id"/>
                    <AD_Field_UU>81e23331-e2ae-4dfe-8f00-0dd86ca52d54</AD_Field_UU>
                    <IsAllowCopy/>
                    <IsDisplayedGrid>Y</IsDisplayedGrid>
                    <SeqNoGrid>50</SeqNoGrid>
                    <XPosition>1</XPosition>
                    <ColumnSpan>5</ColumnSpan>
                    <NumLines>1</NumLines>
                    <IsQuickEntry>N</IsQuickEntry>
                    <IsUpdateable/>
                    <IsAlwaysUpdateable/>
                    <MandatoryLogic/>
                    <ReadOnlyLogic/>
                    <IsToolbarButton/>
                    <IsDefaultFocus>N</IsDefaultFocus>
                    <IsAdvancedField>N</IsAdvancedField>
                    <AD_Field_Trl type="translation">
                        <Help>The URL defines an fully qualified web address like http://www.idempiere.org</Help>
                        <Description>Full URL address - e.g. http://www.idempiere.org</Description>
                        <Name>URL</Name>
                        <AD_Language>en_GB</AD_Language>
                        <IsActive>Y</IsActive>
                        <IsTranslated>N</IsTranslated>
                    </AD_Field_Trl>
                    <AD_Field_Trl type="translation">
                        <Help>The URL defines an fully qualified web address like http://www.idempiere.org</Help>
                        <Description>Full URL address - e.g. http://www.idempiere.org</Description>
                        <Name>URL</Name>
                        <AD_Language>es_CO</AD_Language>
                        <IsActive>Y</IsActive>
                        <IsTranslated>N</IsTranslated>
                    </AD_Field_Trl>
                </AD_Field>
                <AD_Field type="table">
                    <AD_Client_ID>0</AD_Client_ID>
                    <AD_Org_ID>0</AD_Org_ID>
                    <Name>Indexing Core</Name>
                    <Description/>
                    <Help/>
                    <AD_Tab_ID reference="uuid" reference-key="AD_Tab">a67a1483-ae5b-40f3-b921-13310230e65d</AD_Tab_ID>
                    <AD_Column_ID reference="uuid" reference-key="AD_Column">4fc4e309-d805-4c02-8d1c-b9d2320e7660</AD_Column_ID>
                    <IsDisplayed>Y</IsDisplayed>
                    <DisplayLogic/>
                    <DisplayLength>30</DisplayLength>
                    <SeqNo>40</SeqNo>
                    <SortNo/>
                    <IsSameLine>N</IsSameLine>
                    <IsHeading>N</IsHeading>
                    <IsFieldOnly>N</IsFieldOnly>
                    <IsEncrypted>N</IsEncrypted>
                    <IsActive>Y</IsActive>
                    <IsReadOnly>N</IsReadOnly>
                    <IsCentrallyMaintained>Y</IsCentrallyMaintained>
                    <AD_FieldGroup_ID reference="id"/>
                    <EntityType>U</EntityType>
                    <ObscureType/>
                    <AD_Reference_ID reference="id"/>
                    <IsMandatory/>
                    <DefaultValue/>
                    <AD_Reference_Value_ID reference="id"/>
                    <AD_Val_Rule_ID reference="id"/>
                    <Included_Tab_ID reference="id"/>
                    <AD_Field_UU>f7fff894-c081-445c-82a2-1d6c5bc2b9c8</AD_Field_UU>
                    <IsAllowCopy/>
                    <IsDisplayedGrid>Y</IsDisplayedGrid>
                    <SeqNoGrid>20</SeqNoGrid>
                    <XPosition>1</XPosition>
                    <ColumnSpan>2</ColumnSpan>
                    <NumLines>1</NumLines>
                    <IsQuickEntry>N</IsQuickEntry>
                    <IsUpdateable/>
                    <IsAlwaysUpdateable/>
                    <MandatoryLogic/>
                    <ReadOnlyLogic/>
                    <IsToolbarButton/>
                    <IsDefaultFocus>N</IsDefaultFocus>
                    <IsAdvancedField>N</IsAdvancedField>
                    <AD_Field_Trl type="translation">
                        <Help/>
                        <Description/>
                        <Name>Indexing Core</Name>
                        <AD_Language>en_GB</AD_Language>
                        <IsActive>Y</IsActive>
                        <IsTranslated>N</IsTranslated>
                    </AD_Field_Trl>
                    <AD_Field_Trl type="translation">
                        <Help/>
                        <Description/>
                        <Name>Indexing Core</Name>
                        <AD_Language>es_CO</AD_Language>
                        <IsActive>Y</IsActive>
                        <IsTranslated>N</IsTranslated>
                    </AD_Field_Trl>
                </AD_Field>
                <AD_Field type="table">
                    <AD_Client_ID>0</AD_Client_ID>
                    <AD_Org_ID>0</AD_Org_ID>
                    <Name>Indexing Type</Name>
                    <Description/>
                    <Help/>
                    <AD_Tab_ID reference="uuid" reference-key="AD_Tab">a67a1483-ae5b-40f3-b921-13310230e65d</AD_Tab_ID>
                    <AD_Column_ID reference="uuid" reference-key="AD_Column">b98fe6ef-02cf-4354-8902-0a6c374ba286</AD_Column_ID>
                    <IsDisplayed>Y</IsDisplayed>
                    <DisplayLogic/>
                    <DisplayLength>3</DisplayLength>
                    <SeqNo>50</SeqNo>
                    <SortNo/>
                    <IsSameLine>N</IsSameLine>
                    <IsHeading>N</IsHeading>
                    <IsFieldOnly>N</IsFieldOnly>
                    <IsEncrypted>N</IsEncrypted>
                    <IsActive>Y</IsActive>
                    <IsReadOnly>N</IsReadOnly>
                    <IsCentrallyMaintained>Y</IsCentrallyMaintained>
                    <AD_FieldGroup_ID reference="id"/>
                    <EntityType>U</EntityType>
                    <ObscureType/>
                    <AD_Reference_ID reference="id"/>
                    <IsMandatory/>
                    <DefaultValue/>
                    <AD_Reference_Value_ID reference="id"/>
                    <AD_Val_Rule_ID reference="id"/>
                    <Included_Tab_ID reference="id"/>
                    <AD_Field_UU>06d1acee-bad4-44a5-9b71-65c7774ce8ff</AD_Field_UU>
                    <IsAllowCopy/>
                    <IsDisplayedGrid>Y</IsDisplayedGrid>
                    <SeqNoGrid>30</SeqNoGrid>
                    <XPosition>4</XPosition>
                    <ColumnSpan>2</ColumnSpan>
                    <NumLines>1</NumLines>
                    <IsQuickEntry>N</IsQuickEntry>
                    <IsUpdateable/>
                    <IsAlwaysUpdateable/>
                    <MandatoryLogic/>
                    <ReadOnlyLogic/>
                    <IsToolbarButton/>
                    <IsDefaultFocus>N</IsDefaultFocus>
                    <IsAdvancedField>N</IsAdvancedField>
                    <AD_Field_Trl type="translation">
                        <Help/>
                        <Description/>
                        <Name>Indexing Type</Name>
                        <AD_Language>en_GB</AD_Language>
                        <IsActive>Y</IsActive>
                        <IsTranslated>N</IsTranslated>
                    </AD_Field_Trl>
                    <AD_Field_Trl type="translation">
                        <Help/>
                        <Description/>
                        <Name>Indexing Type</Name>
                        <AD_Language>es_CO</AD_Language>
                        <IsActive>Y</IsActive>
                        <IsTranslated>N</IsTranslated>
                    </AD_Field_Trl>
                </AD_Field>
                <AD_Field type="table">
                    <AD_Client_ID>0</AD_Client_ID>
                    <AD_Org_ID>0</AD_Org_ID>
                    <Name>User Name</Name>
                    <Description/>
                    <Help/>
                    <AD_Tab_ID reference="uuid" reference-key="AD_Tab">a67a1483-ae5b-40f3-b921-13310230e65d</AD_Tab_ID>
                    <AD_Column_ID reference="uuid" reference-key="AD_Column">374c1579-6a1f-4acf-b74b-0d567f927357</AD_Column_ID>
                    <IsDisplayed>Y</IsDisplayed>
                    <DisplayLogic/>
                    <DisplayLength>60</DisplayLength>
                    <SeqNo>60</SeqNo>
                    <SortNo/>
                    <IsSameLine>N</IsSameLine>
                    <IsHeading>N</IsHeading>
                    <IsFieldOnly>N</IsFieldOnly>
                    <IsEncrypted>N</IsEncrypted>
                    <IsActive>Y</IsActive>
                    <IsReadOnly>N</IsReadOnly>
                    <IsCentrallyMaintained>Y</IsCentrallyMaintained>
                    <AD_FieldGroup_ID reference="id"/>
                    <EntityType>U</EntityType>
                    <ObscureType/>
                    <AD_Reference_ID reference="id"/>
                    <IsMandatory/>
                    <DefaultValue/>
                    <AD_Reference_Value_ID reference="id"/>
                    <AD_Val_Rule_ID reference="id"/>
                    <Included_Tab_ID reference="id"/>
                    <AD_Field_UU>ae89da44-342b-4df4-b87e-4585beea20f4</AD_Field_UU>
                    <IsAllowCopy/>
                    <IsDisplayedGrid>Y</IsDisplayedGrid>
                    <SeqNoGrid>60</SeqNoGrid>
                    <XPosition>1</XPosition>
                    <ColumnSpan>2</ColumnSpan>
                    <NumLines>1</NumLines>
                    <IsQuickEntry>N</IsQuickEntry>
                    <IsUpdateable/>
                    <IsAlwaysUpdateable/>
                    <MandatoryLogic/>
                    <ReadOnlyLogic/>
                    <IsToolbarButton/>
                    <IsDefaultFocus>N</IsDefaultFocus>
                    <IsAdvancedField>N</IsAdvancedField>
                    <AD_Field_Trl type="translation">
                        <Help/>
                        <Description/>
                        <Name>User Name</Name>
                        <AD_Language>en_GB</AD_Language>
                        <IsActive>Y</IsActive>
                        <IsTranslated>N</IsTranslated>
                    </AD_Field_Trl>
                    <AD_Field_Trl type="translation">
                        <Help/>
                        <Description/>
                        <Name>User Name</Name>
                        <AD_Language>es_CO</AD_Language>
                        <IsActive>Y</IsActive>
                        <IsTranslated>N</IsTranslated>
                    </AD_Field_Trl>
                </AD_Field>
                <AD_Field type="table">
                    <AD_Client_ID>0</AD_Client_ID>
                    <AD_Org_ID>0</AD_Org_ID>
                    <Name>Password</Name>
                    <Description>Password of any length (case sensitive)</Description>
                    <Help>The Password for this User.  Passwords are required to identify authorized users.  For iDempiere Users, you can change the password via the Process "Reset Password".</Help>
                    <AD_Tab_ID reference="uuid" reference-key="AD_Tab">a67a1483-ae5b-40f3-b921-13310230e65d</AD_Tab_ID>
                    <AD_Column_ID reference="uuid" reference-key="AD_Column">a240018c-a26b-42cb-9cce-846dc522bb08</AD_Column_ID>
                    <IsDisplayed>Y</IsDisplayed>
                    <DisplayLogic/>
                    <DisplayLength>20</DisplayLength>
                    <SeqNo>70</SeqNo>
                    <SortNo/>
                    <IsSameLine>N</IsSameLine>
                    <IsHeading>N</IsHeading>
                    <IsFieldOnly>N</IsFieldOnly>
                    <IsEncrypted>Y</IsEncrypted>
                    <IsActive>Y</IsActive>
                    <IsReadOnly>N</IsReadOnly>
                    <IsCentrallyMaintained>Y</IsCentrallyMaintained>
                    <AD_FieldGroup_ID reference="id"/>
                    <EntityType>U</EntityType>
                    <ObscureType/>
                    <AD_Reference_ID reference="id"/>
                    <IsMandatory/>
                    <DefaultValue/>
                    <AD_Reference_Value_ID reference="id"/>
                    <AD_Val_Rule_ID reference="id"/>
                    <Included_Tab_ID reference="id"/>
                    <AD_Field_UU>0cef80a2-2c2f-48c7-98d7-eade389a1960</AD_Field_UU>
                    <IsAllowCopy/>
                    <IsDisplayedGrid>Y</IsDisplayedGrid>
                    <SeqNoGrid>40</SeqNoGrid>
                    <XPosition>4</XPosition>
                    <ColumnSpan>2</ColumnSpan>
                    <NumLines>1</NumLines>
                    <IsQuickEntry>N</IsQuickEntry>
                    <IsUpdateable/>
                    <IsAlwaysUpdateable/>
                    <MandatoryLogic/>
                    <ReadOnlyLogic/>
                    <IsToolbarButton/>
                    <IsDefaultFocus>N</IsDefaultFocus>
                    <IsAdvancedField>N</IsAdvancedField>
                    <AD_Field_Trl type="translation">
                        <Help>The Password for this User.  Passwords are required to identify authorized users.  For iDempiere Users, you can change the password via the Process "Reset Password".</Help>
                        <Description>Password of any length (case sensitive)</Description>
                        <Name>Password</Name>
                        <AD_Language>en_GB</AD_Language>
                        <IsActive>Y</IsActive>
                        <IsTranslated>N</IsTranslated>
                    </AD_Field_Trl>
                    <AD_Field_Trl type="translation">
                        <Help>The Password for this User.  Passwords are required to identify authorized users.  For iDempiere Users, you can change the password via the Process "Reset Password".</Help>
                        <Description>Password of any length (case sensitive)</Description>
                        <Name>Password</Name>
                        <AD_Language>es_CO</AD_Language>
                        <IsActive>Y</IsActive>
                        <IsTranslated>N</IsTranslated>
                    </AD_Field_Trl>
                </AD_Field>
                <AD_Field type="table">
                    <AD_Client_ID>0</AD_Client_ID>
                    <AD_Org_ID>0</AD_Org_ID>
                    <Name>Active</Name>
                    <Description>The record is active in the system</Description>
                    <Help>There are two methods of making records unavailable in the system: One is to delete the record, the other is to de-activate the record. A de-activated record is not available for selection, but available for reports.
There are two reasons for de-activating and not deleting records:
(1) The system requires the record for audit purposes.
(2) The record is referenced by other records. E.g., you cannot delete a Business Partner, if there are invoices for this partner record existing. You de-activate the Business Partner and prevent that this record is used for future entries.</Help>
                    <AD_Tab_ID reference="uuid" reference-key="AD_Tab">a67a1483-ae5b-40f3-b921-13310230e65d</AD_Tab_ID>
                    <AD_Column_ID reference="uuid" reference-key="AD_Column">c6c9d31e-a917-4eca-8c99-884c829f3d8e</AD_Column_ID>
                    <IsDisplayed>Y</IsDisplayed>
                    <DisplayLogic/>
                    <DisplayLength>1</DisplayLength>
                    <SeqNo>80</SeqNo>
                    <SortNo/>
                    <IsSameLine>N</IsSameLine>
                    <IsHeading>N</IsHeading>
                    <IsFieldOnly>N</IsFieldOnly>
                    <IsEncrypted>N</IsEncrypted>
                    <IsActive>Y</IsActive>
                    <IsReadOnly>N</IsReadOnly>
                    <IsCentrallyMaintained>Y</IsCentrallyMaintained>
                    <AD_FieldGroup_ID reference="id"/>
                    <EntityType>U</EntityType>
                    <ObscureType/>
                    <AD_Reference_ID reference="id"/>
                    <IsMandatory/>
                    <DefaultValue/>
                    <AD_Reference_Value_ID reference="id"/>
                    <AD_Val_Rule_ID reference="id"/>
                    <Included_Tab_ID reference="id"/>
                    <AD_Field_UU>604e4ee5-a562-4745-b204-c334e16cb5e0</AD_Field_UU>
                    <IsAllowCopy/>
                    <IsDisplayedGrid>Y</IsDisplayedGrid>
                    <SeqNoGrid>70</SeqNoGrid>
                    <XPosition>2</XPosition>
                    <ColumnSpan>2</ColumnSpan>
                    <NumLines>1</NumLines>
                    <IsQuickEntry>N</IsQuickEntry>
                    <IsUpdateable/>
                    <IsAlwaysUpdateable/>
                    <MandatoryLogic/>
                    <ReadOnlyLogic/>
                    <IsToolbarButton/>
                    <IsDefaultFocus>N</IsDefaultFocus>
                    <IsAdvancedField>N</IsAdvancedField>
                    <AD_Field_Trl type="translation">
                        <Help>There are two methods of making records unavailable in the system: One is to delete the record, the other is to de-activate the record. A de-activated record is not available for selection, but available for reports.
There are two reasons for de-activating and not deleting records:
(1) The system requires the record for audit purposes.
(2) The record is referenced by other records. E.g., you cannot delete a Business Partner, if there are invoices for this partner record existing. You de-activate the Business Partner and prevent that this record is used for future entries.</Help>
                        <Description>The record is active in the system</Description>
                        <Name>Active</Name>
                        <AD_Language>en_GB</AD_Language>
                        <IsActive>Y</IsActive>
                        <IsTranslated>N</IsTranslated>
                    </AD_Field_Trl>
                    <AD_Field_Trl type="translation">
                        <Help>There are two methods of making records unavailable in the system: One is to delete the record, the other is to de-activate the record. A de-activated record is not available for selection, but available for reports.
There are two reasons for de-activating and not deleting records:
(1) The system requires the record for audit purposes.
(2) The record is referenced by other records. E.g., you cannot delete a Business Partner, if there are invoices for this partner record existing. You de-activate the Business Partner and prevent that this record is used for future entries.</Help>
                        <Description>The record is active in the system</Description>
                        <Name>Active</Name>
                        <AD_Language>es_CO</AD_Language>
                        <IsActive>Y</IsActive>
                        <IsTranslated>N</IsTranslated>
                    </AD_Field_Trl>
                </AD_Field>
            </AD_Tab>
        </AD_Window>
    </AD_Menu>
    <AD_Menu type="table">
        <Parent_ID reference="id">156</Parent_ID>
        <SeqNo>5</SeqNo>
        <AD_Menu_ID>148</AD_Menu_ID>
        <AD_Client_ID>0</AD_Client_ID>
        <AD_Org_ID>0</AD_Org_ID>
        <AD_Menu_ID>148</AD_Menu_ID>
        <Name>Client</Name>
        <Description>Maintain Clients/Tenants</Description>
        <Action>W</Action>
        <AD_Window_ID reference="id">109</AD_Window_ID>
        <AD_Workflow_ID reference="id"/>
        <AD_Task_ID reference="id"/>
        <IsActive>Y</IsActive>
        <IsSummary>N</IsSummary>
        <AD_Process_ID reference="id"/>
        <IsSOTrx>Y</IsSOTrx>
        <AD_Form_ID reference="id"/>
        <IsReadOnly>N</IsReadOnly>
        <EntityType>D</EntityType>
        <IsCentrallyMaintained>Y</IsCentrallyMaintained>
        <AD_Menu_UU>d898055b-d868-4b38-810f-31bb4099a64d</AD_Menu_UU>
        <AD_InfoWindow_ID reference="id"/>
        <AD_Menu_Trl type="translation">
            <Name>Grupo Empresarial</Name>
            <Description>Mantener Grupos Empresariales</Description>
            <AD_Language>es_CO</AD_Language>
            <IsActive>Y</IsActive>
            <IsTranslated>Y</IsTranslated>
        </AD_Menu_Trl>
        <AD_Menu_Trl type="translation">
            <Name>Client</Name>
            <Description>Maintain Clients/Tenants</Description>
            <AD_Language>en_GB</AD_Language>
            <IsActive>Y</IsActive>
            <IsTranslated>N</IsTranslated>
        </AD_Menu_Trl>
        <AD_Reference type="table">
            <AD_Client_ID>0</AD_Client_ID>
            <AD_Org_ID>0</AD_Org_ID>
            <Name>LTX Index server List</Name>
            <Description/>
            <Help/>
            <ValidationType>T</ValidationType>
            <IsActive>Y</IsActive>
            <VFormat/>
            <EntityType>U</EntityType>
            <IsOrderByValue>N</IsOrderByValue>
            <AD_Reference_UU>9c92568b-59a3-4b8d-bfb4-ded9b563c60a</AD_Reference_UU>
            <AD_Reference_Trl type="translation">
                <Help/>
                <Name>LTX Index server List</Name>
                <Description/>
                <AD_Language>es_CO</AD_Language>
                <IsActive>Y</IsActive>
                <IsTranslated>N</IsTranslated>
            </AD_Reference_Trl>
            <AD_Reference_Trl type="translation">
                <Help/>
                <Name>LTX Index server List</Name>
                <Description/>
                <AD_Language>en_GB</AD_Language>
                <IsActive>Y</IsActive>
                <IsTranslated>N</IsTranslated>
            </AD_Reference_Trl>
            <AD_Ref_Table type="table">
                <AD_Client_ID>0</AD_Client_ID>
                <AD_Org_ID>0</AD_Org_ID>
                <AD_Reference_ID reference="uuid" reference-key="AD_Reference">9c92568b-59a3-4b8d-bfb4-ded9b563c60a</AD_Reference_ID>
                <AD_Table_ID reference="uuid" reference-key="AD_Table">1e79be68-ccb0-4211-8cc4-c2c5404b1666</AD_Table_ID>
                <WhereClause/>
                <OrderByClause/>
                <IsActive>Y</IsActive>
                <IsValueDisplayed>N</IsValueDisplayed>
                <EntityType>U</EntityType>
                <AD_Window_ID reference="id"/>
                <AD_Ref_Table_UU>d2e4e7e9-21b9-4c2f-8109-ffa01a0c605b</AD_Ref_Table_UU>
                <AD_InfoWindow_ID reference="id"/>
                <AD_Display reference="uuid" reference-key="AD_Column">68d11d00-9088-4c7b-a8a9-fa32e3104b9a</AD_Display>
                <AD_Key reference="uuid" reference-key="AD_Column">47d2b9a6-0cf4-424b-a271-89f3cbc67a76</AD_Key>
            </AD_Ref_Table>
        </AD_Reference>
        <AD_Column type="table">
            <IsSyncDatabase>Y</IsSyncDatabase>
            <AD_Table_ID reference="id">227</AD_Table_ID>
            <AD_Reference_Value_ID reference="uuid" reference-key="AD_Reference">9c92568b-59a3-4b8d-bfb4-ded9b563c60a</AD_Reference_Value_ID>
            <AD_Client_ID>0</AD_Client_ID>
            <AD_Org_ID>0</AD_Org_ID>
            <Version>0</Version>
            <Name>Indexing Configuration </Name>
            <Description/>
            <Help/>
            <AD_Val_Rule_ID reference="id"/>
            <ColumnName>LTX_Indexing_Conf_ID</ColumnName>
            <DefaultValue/>
            <FieldLength>22</FieldLength>
            <IsKey>N</IsKey>
            <IsParent>N</IsParent>
            <IsMandatory>N</IsMandatory>
            <IsTranslated>N</IsTranslated>
            <IsIdentifier>N</IsIdentifier>
            <SeqNo>0</SeqNo>
            <IsEncrypted>N</IsEncrypted>
            <AD_Reference_ID reference="id">18</AD_Reference_ID>
            <IsActive>Y</IsActive>
            <VFormat/>
            <Callout/>
            <AD_Element_ID reference="uuid" reference-key="AD_Element">cb562045-b44d-4b63-b4bf-a40ef04596d3</AD_Element_ID>
            <IsUpdateable>Y</IsUpdateable>
            <AD_Process_ID reference="id"/>
            <ValueMin/>
            <ValueMax/>
            <IsSelectionColumn>N</IsSelectionColumn>
            <ReadOnlyLogic/>
            <EntityType>U</EntityType>
            <IsAlwaysUpdateable>N</IsAlwaysUpdateable>
            <ColumnSQL/>
            <MandatoryLogic/>
            <IsAutocomplete>N</IsAutocomplete>
            <IsAllowLogging>Y</IsAllowLogging>
            <FormatPattern/>
            <AD_Chart_ID reference="id"/>
            <AD_Column_UU>8a6dde0a-1ed5-4d25-8963-0f195541a537</AD_Column_UU>
            <IsAllowCopy>Y</IsAllowCopy>
            <SeqNoSelection>0</SeqNoSelection>
            <IsToolbarButton>N</IsToolbarButton>
            <IsSecure>N</IsSecure>
            <FKConstraintName>LTXIndexingConf_ADClientInfo</FKConstraintName>
            <FKConstraintType>N</FKConstraintType>
        </AD_Column>
        <AD_FieldGroup type="table">
            <AD_Client_ID>0</AD_Client_ID>
            <AD_Org_ID>0</AD_Org_ID>
            <IsActive>Y</IsActive>
            <Name>Indexing Configuration</Name>
            <EntityType>U</EntityType>
            <FieldGroupType>C</FieldGroupType>
            <IsCollapsedByDefault>N</IsCollapsedByDefault>
            <AD_FieldGroup_UU>486a977a-285d-4665-b31e-2dd4adc060d5</AD_FieldGroup_UU>
            <AD_FieldGroup_Trl type="translation">
                <Name>Indexing Configuration</Name>
                <AD_Language>es_CO</AD_Language>
                <IsActive>Y</IsActive>
                <IsTranslated>N</IsTranslated>
            </AD_FieldGroup_Trl>
            <AD_FieldGroup_Trl type="translation">
                <Name>Indexing Configuration</Name>
                <AD_Language>en_GB</AD_Language>
                <IsActive>Y</IsActive>
                <IsTranslated>N</IsTranslated>
            </AD_FieldGroup_Trl>
        </AD_FieldGroup>
        <AD_Field type="table">
            <AD_Client_ID>0</AD_Client_ID>
            <AD_Org_ID>0</AD_Org_ID>
            <Name>Indexing Configuration </Name>
            <Description/>
            <Help/>
            <AD_Tab_ID reference="id">169</AD_Tab_ID>
            <AD_Column_ID reference="uuid" reference-key="AD_Column">8a6dde0a-1ed5-4d25-8963-0f195541a537</AD_Column_ID>
            <IsDisplayed>Y</IsDisplayed>
            <DisplayLogic/>
            <DisplayLength>0</DisplayLength>
            <SeqNo>330</SeqNo>
            <SortNo>0</SortNo>
            <IsSameLine>N</IsSameLine>
            <IsHeading>N</IsHeading>
            <IsFieldOnly>N</IsFieldOnly>
            <IsEncrypted>N</IsEncrypted>
            <IsActive>Y</IsActive>
            <IsReadOnly>N</IsReadOnly>
            <IsCentrallyMaintained>Y</IsCentrallyMaintained>
            <AD_FieldGroup_ID reference="uuid" reference-key="AD_FieldGroup">486a977a-285d-4665-b31e-2dd4adc060d5</AD_FieldGroup_ID>
            <EntityType>U</EntityType>
            <ObscureType/>
            <AD_Reference_ID reference="id"/>
            <IsMandatory/>
            <DefaultValue/>
            <AD_Reference_Value_ID reference="id"/>
            <AD_Val_Rule_ID reference="id"/>
            <Included_Tab_ID reference="id"/>
            <AD_Field_UU>b5d04215-7b9a-4ef2-97e3-871917a6550c</AD_Field_UU>
            <IsAllowCopy/>
            <IsDisplayedGrid>Y</IsDisplayedGrid>
            <SeqNoGrid>480</SeqNoGrid>
            <XPosition>1</XPosition>
            <ColumnSpan>2</ColumnSpan>
            <NumLines>1</NumLines>
            <IsQuickEntry>N</IsQuickEntry>
            <IsUpdateable/>
            <IsAlwaysUpdateable/>
            <MandatoryLogic/>
            <ReadOnlyLogic/>
            <IsToolbarButton/>
            <IsDefaultFocus>N</IsDefaultFocus>
            <IsAdvancedField>N</IsAdvancedField>
            <AD_Field_Trl type="translation">
                <Help/>
                <Description/>
                <Name>Indexing Configuration</Name>
                <AD_Language>en_GB</AD_Language>
                <IsActive>Y</IsActive>
                <IsTranslated>N</IsTranslated>
            </AD_Field_Trl>
            <AD_Field_Trl type="translation">
                <Help/>
                <Description/>
                <Name>Indexing Configuration</Name>
                <AD_Language>es_CO</AD_Language>
                <IsActive>Y</IsActive>
                <IsTranslated>N</IsTranslated>
            </AD_Field_Trl>
        </AD_Field>
    </AD_Menu>
</idempiere>
