<?xml version="1.0" encoding="UTF-8"?><idempiere Name="Elastic_Type" Version="1" idempiereVersion="" DataBaseVersion="" Description="" Author="" AuthorEmail="" CreatedDate="2023-09-05 09:52:05.729" UpdatedDate="2023-09-05 09:52:05.729" PackOutVersion="100" UpdateDictionary="false" Client="0-SYSTEM-System" AD_Client_UU="11237b53-9592-4af1-b3c5-afd216514b5d">
    <AD_Ref_List type="table">
        <AD_Client_ID>0</AD_Client_ID>
        <AD_Org_ID>0</AD_Org_ID>
        <Name>Elastic</Name>
        <Description/>
        <AD_Reference_ID reference="uuid" reference-key="AD_Reference">f961ac4c-2f28-4fe8-a299-401d694be11e</AD_Reference_ID>
        <ValidFrom/>
        <ValidTo/>
        <Value>ELS</Value>
        <IsActive>Y</IsActive>
        <EntityType>U</EntityType>
        <AD_Ref_List_UU>698c57f1-cbbb-4117-891c-d36b32c67e0f</AD_Ref_List_UU>
        <AD_Ref_List_Trl type="translation">
            <Description/>
            <Name>Elastic</Name>
            <AD_Language>es_CO</AD_Language>
            <IsActive>Y</IsActive>
            <IsTranslated>N</IsTranslated>
        </AD_Ref_List_Trl>
    </AD_Ref_List>
    <AD_Column type="table">
        <IsSyncDatabase>Y</IsSyncDatabase>
        <AD_Table_ID reference="uuid" reference-key="AD_Table">1e79be68-ccb0-4211-8cc4-c2c5404b1666</AD_Table_ID>
        <AD_Reference_Value_ID reference="id"/>
        <AD_Client_ID>0</AD_Client_ID>
        <AD_Org_ID>0</AD_Org_ID>
        <Version>0</Version>
        <Name>Password</Name>
        <Description>Password of any length (case sensitive)</Description>
        <Help>The Password for this User.  Passwords are required to identify authorized users.  For iDempiere Users, you can change the password via the Process "Reset Password".</Help>
        <AD_Val_Rule_ID reference="id"/>
        <ColumnName>Password</ColumnName>
        <DefaultValue/>
        <FieldLength>250</FieldLength>
        <IsKey>N</IsKey>
        <IsParent>N</IsParent>
        <IsMandatory>N</IsMandatory>
        <IsTranslated>N</IsTranslated>
        <IsIdentifier>N</IsIdentifier>
        <SeqNo>0</SeqNo>
        <IsEncrypted>N</IsEncrypted>
        <AD_Reference_ID reference="id">10</AD_Reference_ID>
        <IsActive>Y</IsActive>
        <VFormat/>
        <Callout/>
        <AD_Element_ID reference="id">498</AD_Element_ID>
        <IsUpdateable>Y</IsUpdateable>
        <AD_Process_ID reference="id"/>
        <ValueMin/>
        <ValueMax/>
        <IsSelectionColumn>N</IsSelectionColumn>
        <ReadOnlyLogic/>
        <EntityType>U</EntityType>
        <IsAlwaysUpdateable>N</IsAlwaysUpdateable>
        <ColumnSQL/>
        <MandatoryLogic/>
        <IsAutocomplete>N</IsAutocomplete>
        <IsAllowLogging>Y</IsAllowLogging>
        <FormatPattern/>
        <AD_Chart_ID reference="id"/>
        <AD_Column_UU>a240018c-a26b-42cb-9cce-846dc522bb08</AD_Column_UU>
        <IsAllowCopy>Y</IsAllowCopy>
        <SeqNoSelection>0</SeqNoSelection>
        <IsToolbarButton>N</IsToolbarButton>
        <IsSecure>Y</IsSecure>
        <FKConstraintName/>
        <FKConstraintType>N</FKConstraintType>
        <PA_DashboardContent_ID reference="id"/>
        <Placeholder/>
        <IsHtml>N</IsHtml>
        <AD_Val_Rule_Lookup_ID reference="id"/>
        <AlwaysUpdatableLogic/>
    </AD_Column>
</idempiere>
