<?xml version="1.0" encoding="UTF-8"?><idempiere Name="Elastic_Type" Version="1" idempiereVersion="" DataBaseVersion="" Description="" Author="" AuthorEmail="" CreatedDate="2023-09-05 09:52:05.729" UpdatedDate="2023-09-05 09:52:05.729" PackOutVersion="100" UpdateDictionary="false" Client="0-SYSTEM-System" AD_Client_UU="11237b53-9592-4af1-b3c5-afd216514b5d">
    <AD_Ref_List type="table">
        <AD_Client_ID>0</AD_Client_ID>
        <AD_Org_ID>0</AD_Org_ID>
        <Name>Elastic</Name>
        <Description/>
        <AD_Reference_ID reference="uuid" reference-key="AD_Reference">f961ac4c-2f28-4fe8-a299-401d694be11e</AD_Reference_ID>
        <ValidFrom/>
        <ValidTo/>
        <Value>ELS</Value>
        <IsActive>Y</IsActive>
        <EntityType>U</EntityType>
        <AD_Ref_List_UU>698c57f1-cbbb-4117-891c-d36b32c67e0f</AD_Ref_List_UU>
        <AD_Ref_List_Trl type="translation">
            <Description/>
            <Name>Elastic</Name>
            <AD_Language>es_CO</AD_Language>
            <IsActive>Y</IsActive>
            <IsTranslated>N</IsTranslated>
        </AD_Ref_List_Trl>
    </AD_Ref_List>
</idempiere>
